{"cameraMode":{"drawMode":0,"name":"Shaded","section":"Shading Mode"},"sceneLighting":false,"audioPlay":false,"sceneViewState":{"showFog":true,"showMaterialUpdate":false,"showSkybox":false,"showFlares":true,"showImageEffects":true,"showParticleSystems":true},"in2DMode":false,"pivot":{"x":-1.5199999809265137,"y":0.44999998807907107,"z":-1.4700000286102296},"rotation":{"x":0.7351576685905457,"y":-4.913743012480154e-8,"z":-1.2403936544558292e-8,"w":0.6778973340988159},"size":0.7794229388237,"orthographic":true}